{
    "parent": "item/handheld",
    "textures": {
        "layer0": "item/carrot_on_a_stick"
    },
    "overrides": [
        {"predicate": {"custom_model_data": 10001}, "model": "item/aot_sword"},
		{"predicate": {"custom_model_data": 10100}, "model": "item/flare_gun0"},
		{"predicate": {"custom_model_data": 10101}, "model": "item/flare_gun"},
		{"predicate": {"custom_model_data": 10102}, "model": "item/flare_gun2"},
		{"predicate": {"custom_model_data": 10103}, "model": "item/flare_gun3"},
		{"predicate": {"custom_model_data": 10104}, "model": "item/flare_gun4"},
		{"predicate": {"custom_model_data": 10105}, "model": "item/flare_gun5"}
    ]
}