{
	"credit": "Made with Blockbench",
	"texture_size": [32, 32],
	"textures": {
		"0": "custom/smooth_stone",
		"2": "custom/gray_concrete_powder",
		"particle": "custom/smooth_stone"
	},
	"display": {
        "gui": {
            "rotation": [ 30, 45, 0 ],
            "translation": [ 5, -1.5, 0 ],
            "scale": [ 1.5, 1.5, 1.5 ]
        },
        "ground": {
            "rotation": [ 45, 0, 0 ],
            "translation": [ 0, 5, 0 ],
            "scale": [ 0.8, 0.8, 0.8 ]
        },
        "fixed": {
            "rotation": [ 0, 0, 0 ],
            "translation": [ 0, 0, 0 ],
            "scale": [ 1, 1, 1 ]
        },
        "head": {
            "rotation": [ 0, 0, 0 ],
            "translation": [ 0, 0, 0 ],
            "scale": [ 1, 1, 1 ]
        },
        "firstperson_righthand": {
            "rotation": [ 90, 15, 70 ],
            "translation": [ 2, -2.8, 0 ],
            "scale": [ 1.3, 1.3, 1.3 ]
        },
        "thirdperson_righthand": {
            "rotation": [ 90, 0, 0 ],
            "translation": [ 0, -3, 3 ],
            "scale": [1, 1, 1 ]
        }
    },
	"elements": [
		{
			"from": [6.7, 6, 2.19],
			"to": [9.3, 8, 4.99],
			"rotation": {"angle": 0, "axis": "y", "origin": [14.8, 14, 9]},
			"faces": {
				"north": {"uv": [4, 5, 8, 8], "texture": "#0"},
				"east": {"uv": [4, 5, 8, 8], "texture": "#0"},
				"south": {"uv": [4, 5, 8, 8], "texture": "#0"},
				"west": {"uv": [4, 5, 8, 8], "texture": "#0"},
				"up": {"uv": [4, 5, 8, 8], "texture": "#0"},
				"down": {"uv": [4, 5, 8, 8], "texture": "#0"}
			}
		},
		{
			"from": [6.8, 6, 5],
			"to": [9.2, 8, 5.5],
			"rotation": {"angle": 0, "axis": "y", "origin": [14.8, 14, 13]},
			"faces": {
				"north": {"uv": [4, 7, 6, 9], "texture": "#2"},
				"east": {"uv": [4, 7, 6, 9], "texture": "#2"},
				"south": {"uv": [4, 7, 6, 9], "texture": "#2"},
				"west": {"uv": [4, 7, 6, 9], "texture": "#2"},
				"up": {"uv": [4, 7, 6, 9], "texture": "#2"},
				"down": {"uv": [4, 7, 6, 9], "texture": "#2"}
			}
		},
		{
			"from": [6.8, 6, 1.701],
			"to": [9.2, 8, 2.201],
			"rotation": {"angle": 0, "axis": "y", "origin": [14.8, 14, 9.7]},
			"faces": {
				"north": {"uv": [4, 7, 6, 9], "texture": "#2"},
				"east": {"uv": [4, 7, 6, 9], "texture": "#2"},
				"south": {"uv": [4, 7, 6, 9], "texture": "#2"},
				"west": {"uv": [4, 7, 6, 9], "texture": "#2"},
				"up": {"uv": [4, 7, 6, 9], "texture": "#2"},
				"down": {"uv": [4, 7, 6, 9], "texture": "#2"}
			}
		},
		{
			"from": [7, 5.7, 2.2],
			"to": [9, 8.3, 5],
			"rotation": {"angle": 0, "axis": "y", "origin": [15, 14, 9]},
			"faces": {
				"north": {"uv": [4, 5, 8, 8], "texture": "#0"},
				"east": {"uv": [4, 5, 8, 8], "texture": "#0"},
				"south": {"uv": [4, 5, 8, 8], "texture": "#0"},
				"west": {"uv": [4, 5, 8, 8], "texture": "#0"},
				"up": {"uv": [4, 5, 8, 8], "texture": "#0"},
				"down": {"uv": [4, 5, 8, 8], "texture": "#0"}
			}
		},
		{
			"from": [7, 5.8, 5],
			"to": [9, 8.2, 5.501],
			"rotation": {"angle": 0, "axis": "y", "origin": [15, 14, 13]},
			"faces": {
				"north": {"uv": [4, 7, 6, 9], "texture": "#2"},
				"east": {"uv": [4, 7, 6, 9], "texture": "#2"},
				"south": {"uv": [4, 7, 6, 9], "texture": "#2"},
				"west": {"uv": [4, 7, 6, 9], "texture": "#2"},
				"up": {"uv": [4, 7, 6, 9], "texture": "#2"},
				"down": {"uv": [4, 7, 6, 9], "texture": "#2"}
			}
		},
		{
			"from": [7, 5.8, 1.7],
			"to": [9, 8.2, 2.201],
			"rotation": {"angle": 0, "axis": "y", "origin": [15, 14, 9.7]},
			"faces": {
				"north": {"uv": [4, 7, 6, 9], "texture": "#2"},
				"east": {"uv": [4, 7, 6, 9], "texture": "#2"},
				"south": {"uv": [4, 7, 6, 9], "texture": "#2"},
				"west": {"uv": [4, 7, 6, 9], "texture": "#2"},
				"up": {"uv": [4, 7, 6, 9], "texture": "#2"},
				"down": {"uv": [4, 7, 6, 9], "texture": "#2"}
			}
		},
		{
			"from": [6.9, 6.1, 2.5],
			"to": [9.1, 7.9, 5],
			"rotation": {"angle": 0, "axis": "y", "origin": [16.5, 14, 10]},
			"faces": {
				"north": {"uv": [4, 5, 5, 11], "texture": "#2"},
				"east": {"uv": [4, 5, 8, 8], "texture": "#2"},
				"south": {"uv": [4, 6, 5, 13], "texture": "#2"},
				"west": {"uv": [4, 5, 8, 8], "texture": "#2"},
				"up": {"uv": [4, 5, 8, 8], "texture": "#2"},
				"down": {"uv": [4, 5, 8, 8], "texture": "#2"}
			}
		},
		{
			"from": [7, 6, 2.51],
			"to": [9, 8, 5.01],
			"rotation": {"angle": 0, "axis": "y", "origin": [16.2, 14, 10]},
			"faces": {
				"north": {"uv": [4, 5, 10, 6], "texture": "#2"},
				"east": {"uv": [4, 5, 8, 8], "texture": "#2"},
				"south": {"uv": [4, 5, 8, 8], "texture": "#2"},
				"west": {"uv": [4, 5, 8, 8], "texture": "#2"},
				"up": {"uv": [4, 5, 8, 8], "texture": "#2"},
				"down": {"uv": [4, 5, 8, 8], "texture": "#2"}
			}
		}
	]
}