{
	"credit": "Made with Blockbench",
	"texture_size": [32, 32],
	"textures": {
		"0": "custom/smooth_stone",
		"1": "custom/brown_concrete_powder",
		"2": "custom/gray_concrete_powder",
		"4": "custom/black_concrete",
		"particle": "custom/smooth_stone"
	},
	"display": {
        "gui": {
            "rotation": [ 30, 45, 0 ],
            "translation": [ 0, 3, 0 ],
            "scale": [ 1.4, 1.4, 1.4 ]
        },
        "ground": {
            "rotation": [ 45, 0, 0 ],
            "translation": [ 0, 4, 0 ],
            "scale": [ 0.8, 0.8, 0.8 ]
        },
        "fixed": {
            "rotation": [ 0, 0, 0 ],
            "translation": [ 0, 0, 0 ],
            "scale": [ 1, 1, 1 ]
        },
        "head": {
            "rotation": [ 0, 0, 0 ],
            "translation": [ 0, 0, 0 ],
            "scale": [ 1, 1, 1 ]
        },
        "firstperson_righthand": {
            "rotation": [ 0, 0, 0 ],
            "translation": [ 0, 15, 0 ],
            "scale": [ 1, 1, 1 ]
        },
        "thirdperson_righthand": {
            "rotation": [ 25, 0, 0 ],
            "translation": [ 0.5, 3.3, 0 ],
            "scale": [1, 1, 1 ]
        }
    },
	"elements": [
		{
			"from": [6.7, 6, 4.19],
			"to": [9.3, 8, 6.99],
			"rotation": {"angle": 0, "axis": "y", "origin": [14.8, 14, 11]},
			"faces": {
				"north": {"uv": [4, 5, 8, 8], "texture": "#0"},
				"east": {"uv": [4, 5, 8, 8], "texture": "#0"},
				"south": {"uv": [4, 5, 8, 8], "texture": "#0"},
				"west": {"uv": [4, 5, 8, 8], "texture": "#0"},
				"up": {"uv": [4, 5, 8, 8], "texture": "#0"},
				"down": {"uv": [4, 5, 8, 8], "texture": "#0"}
			}
		},
		{
			"from": [6.7, 5.9, 3.49],
			"to": [9.3, 8.1, 3.99],
			"rotation": {"angle": 0, "axis": "y", "origin": [14.8, 14, 8]},
			"faces": {
				"north": {"uv": [6, 12, 10, 13], "texture": "#0"},
				"east": {"uv": [5, 5, 7, 9], "texture": "#0"},
				"south": {"uv": [6, 12, 10, 13], "texture": "#0"},
				"west": {"uv": [4, 6, 6, 10], "texture": "#0"},
				"up": {"uv": [6, 12, 10, 13], "texture": "#0"},
				"down": {"uv": [6, 12, 10, 13], "texture": "#0"}
			}
		},
		{
			"from": [6.7, 5.9, 2.69],
			"to": [9.3, 8.1, 3.29],
			"rotation": {"angle": 0, "axis": "y", "origin": [14.8, 14, 7.4]},
			"faces": {
				"north": {"uv": [4, 5, 8, 8], "texture": "#0"},
				"east": {"uv": [6, 7, 8, 11], "texture": "#0"},
				"south": {"uv": [4, 5, 8, 8], "texture": "#0"},
				"west": {"uv": [4, 5, 6, 10], "texture": "#0"},
				"up": {"uv": [4, 5, 8, 8], "texture": "#0"},
				"down": {"uv": [4, 5, 8, 8], "texture": "#0"}
			}
		},
		{
			"from": [6.8, 6, 7],
			"to": [9.2, 8, 7.5],
			"rotation": {"angle": 0, "axis": "y", "origin": [14.8, 14, 15]},
			"faces": {
				"north": {"uv": [4, 7, 6, 9], "texture": "#0"},
				"east": {"uv": [4, 7, 6, 9], "texture": "#0"},
				"south": {"uv": [4, 7, 6, 9], "texture": "#0"},
				"west": {"uv": [4, 7, 6, 9], "texture": "#0"},
				"up": {"uv": [4, 7, 6, 9], "texture": "#0"},
				"down": {"uv": [4, 7, 6, 9], "texture": "#0"}
			}
		},
		{
			"from": [7, 6.1, 7.49],
			"to": [9, 7.9, 7.99],
			"rotation": {"angle": 0, "axis": "y", "origin": [14.8, 14, 15.5]},
			"faces": {
				"north": {"uv": [2, 6, 4, 8], "texture": "#0"},
				"east": {"uv": [2, 6, 4, 8], "texture": "#0"},
				"south": {"uv": [2, 6, 4, 8], "texture": "#0"},
				"west": {"uv": [2, 6, 4, 8], "texture": "#0"},
				"up": {"uv": [2, 6, 4, 8], "texture": "#0"},
				"down": {"uv": [2, 6, 4, 8], "texture": "#0"}
			}
		},
		{
			"from": [7, 5.7, 4.2],
			"to": [9, 8.3, 7],
			"rotation": {"angle": 0, "axis": "y", "origin": [15, 14, 11]},
			"faces": {
				"north": {"uv": [4, 5, 8, 8], "texture": "#0"},
				"east": {"uv": [4, 5, 8, 8], "texture": "#0"},
				"south": {"uv": [4, 5, 8, 8], "texture": "#0"},
				"west": {"uv": [4, 5, 8, 8], "texture": "#0"},
				"up": {"uv": [4, 5, 8, 8], "texture": "#0"},
				"down": {"uv": [4, 5, 8, 8], "texture": "#0"}
			}
		},
		{
			"from": [6.9, 5.7, 3.5],
			"to": [9.1, 8.3, 4],
			"rotation": {"angle": 0, "axis": "y", "origin": [15, 14, 8]},
			"faces": {
				"north": {"uv": [4, 5, 8, 8], "texture": "#0"},
				"east": {"uv": [4, 5, 8, 8], "texture": "#0"},
				"south": {"uv": [4, 5, 8, 8], "texture": "#0"},
				"west": {"uv": [4, 5, 8, 8], "texture": "#0"},
				"up": {"uv": [5, 6, 9, 8], "texture": "#0"},
				"down": {"uv": [6, 8, 10, 10], "texture": "#0"}
			}
		},
		{
			"from": [6.9, 5.7, 2.7],
			"to": [9.1, 8.3, 3.3],
			"rotation": {"angle": 0, "axis": "y", "origin": [15, 14, 7.4]},
			"faces": {
				"north": {"uv": [4, 5, 8, 8], "texture": "#0"},
				"east": {"uv": [4, 5, 8, 8], "texture": "#0"},
				"south": {"uv": [4, 5, 8, 8], "texture": "#0"},
				"west": {"uv": [4, 5, 8, 8], "texture": "#0"},
				"up": {"uv": [4, 5, 8, 7], "texture": "#0"},
				"down": {"uv": [3, 7, 7, 9], "texture": "#0"}
			}
		},
		{
			"from": [7, 5.8, 7],
			"to": [9, 8.2, 7.5],
			"rotation": {"angle": 0, "axis": "y", "origin": [15, 14, 15]},
			"faces": {
				"north": {"uv": [4, 7, 6, 9], "texture": "#0"},
				"east": {"uv": [4, 7, 6, 9], "texture": "#0"},
				"south": {"uv": [4, 7, 6, 9], "texture": "#0"},
				"west": {"uv": [4, 7, 6, 9], "texture": "#0"},
				"up": {"uv": [4, 7, 6, 9], "texture": "#0"},
				"down": {"uv": [4, 7, 6, 9], "texture": "#0"}
			}
		},
		{
			"from": [7.1, 6, 7.5],
			"to": [8.9, 8, 8],
			"rotation": {"angle": 0, "axis": "y", "origin": [15, 14, 15.5]},
			"faces": {
				"north": {"uv": [5, 6, 7, 8], "texture": "#0"},
				"east": {"uv": [5, 6, 7, 8], "texture": "#0"},
				"south": {"uv": [5, 6, 7, 8], "texture": "#0"},
				"west": {"uv": [5, 6, 7, 8], "texture": "#0"},
				"up": {"uv": [5, 6, 7, 8], "texture": "#0"},
				"down": {"uv": [5, 6, 7, 8], "texture": "#0"}
			}
		},
		{
			"from": [6.9, 6.1, 2.5],
			"to": [7.2, 7.9, 5],
			"rotation": {"angle": 0, "axis": "y", "origin": [14.8, 14, 10]},
			"faces": {
				"north": {"uv": [4, 3, 5, 10], "texture": "#2"},
				"east": {"uv": [4, 5, 8, 8], "texture": "#2"},
				"south": {"uv": [4, 5, 8, 8], "texture": "#2"},
				"west": {"uv": [4, 5, 8, 8], "texture": "#2"},
				"up": {"uv": [4, 5, 8, 8], "texture": "#2"},
				"down": {"uv": [4, 5, 8, 8], "texture": "#2"}
			}
		},
		{
			"from": [8.8, 6.1, 2.5],
			"to": [9.1, 7.9, 5],
			"rotation": {"angle": 0, "axis": "y", "origin": [16.5, 14, 10]},
			"faces": {
				"north": {"uv": [4, 5, 5, 11], "texture": "#2"},
				"east": {"uv": [4, 5, 8, 8], "texture": "#2"},
				"south": {"uv": [4, 6, 5, 13], "texture": "#2"},
				"west": {"uv": [4, 5, 8, 8], "texture": "#2"},
				"up": {"uv": [4, 5, 8, 8], "texture": "#2"},
				"down": {"uv": [4, 5, 8, 8], "texture": "#2"}
			}
		},
		{
			"from": [7, 7.7, 2.51],
			"to": [9, 8, 5.01],
			"rotation": {"angle": 0, "axis": "y", "origin": [16.2, 14, 10]},
			"faces": {
				"north": {"uv": [4, 5, 10, 6], "texture": "#2"},
				"east": {"uv": [4, 5, 8, 8], "texture": "#2"},
				"south": {"uv": [4, 5, 8, 8], "texture": "#2"},
				"west": {"uv": [4, 5, 8, 8], "texture": "#2"},
				"up": {"uv": [4, 5, 8, 8], "texture": "#2"},
				"down": {"uv": [4, 5, 8, 8], "texture": "#2"}
			}
		},
		{
			"from": [7.3, 6.25, 2.75],
			"to": [8.7, 7.8, 5],
			"rotation": {"angle": 0, "axis": "y", "origin": [16.2, 12.55, 10]},
			"faces": {
				"north": {"uv": [4, 5, 8, 8], "texture": "#4"},
				"east": {"uv": [4, 5, 8, 8], "texture": "#4"},
				"south": {"uv": [4, 5, 8, 8], "texture": "#4"},
				"west": {"uv": [4, 5, 8, 8], "texture": "#4"},
				"up": {"uv": [4, 5, 8, 8], "texture": "#4"},
				"down": {"uv": [4, 5, 8, 8], "texture": "#4"}
			}
		},
		{
			"from": [7, 6, 2.51],
			"to": [9, 6.3, 5.01],
			"rotation": {"angle": 0, "axis": "y", "origin": [16.2, 12.3, 10]},
			"faces": {
				"north": {"uv": [4, 5, 10, 6], "texture": "#2"},
				"east": {"uv": [4, 5, 8, 8], "texture": "#2"},
				"south": {"uv": [4, 5, 8, 8], "texture": "#2"},
				"west": {"uv": [4, 5, 8, 8], "texture": "#2"},
				"up": {"uv": [4, 5, 8, 8], "texture": "#2"},
				"down": {"uv": [4, 5, 8, 8], "texture": "#2"}
			}
		},
		{
			"from": [7.1, 6.2, 2.6],
			"to": [8.9, 7.8, 2.7],
			"rotation": {"angle": 0, "axis": "y", "origin": [16.2, 12.4, 7.7]},
			"faces": {
				"north": {"uv": [4, 5, 8, 8], "texture": "#4"},
				"east": {"uv": [4, 5, 8, 8], "texture": "#4"},
				"south": {"uv": [4, 5, 8, 8], "texture": "#4"},
				"west": {"uv": [4, 5, 8, 8], "texture": "#4"},
				"up": {"uv": [4, 5, 8, 8], "texture": "#4"},
				"down": {"uv": [4, 5, 8, 8], "texture": "#4"}
			}
		},
		{
			"from": [7.15, 6.05, 7.99],
			"to": [8.85, 7.95, 9.89],
			"rotation": {"angle": 0, "axis": "y", "origin": [14.8, 13.8, 16]},
			"faces": {
				"north": {"uv": [4, 5, 8, 8], "texture": "#1"},
				"east": {"uv": [4, 5, 8, 8], "texture": "#1"},
				"south": {"uv": [4, 5, 8, 8], "texture": "#1"},
				"west": {"uv": [4, 5, 8, 8], "texture": "#1"},
				"up": {"uv": [4, 5, 8, 8], "texture": "#1"},
				"down": {"uv": [4, 5, 8, 8], "texture": "#1"}
			}
		},
		{
			"from": [7.55, 7.95, 7.49],
			"to": [8.35, 8.15, 8.89],
			"rotation": {"angle": 0, "axis": "y", "origin": [14.8, 15.7, 15.5]},
			"faces": {
				"north": {"uv": [4, 5, 8, 8], "texture": "#1"},
				"east": {"uv": [4, 5, 8, 8], "texture": "#1"},
				"south": {"uv": [4, 5, 8, 8], "texture": "#1"},
				"west": {"uv": [4, 5, 8, 8], "texture": "#1"},
				"up": {"uv": [4, 5, 6, 8], "texture": "#1"},
				"down": {"uv": [4, 5, 8, 8], "texture": "#1"}
			}
		},
		{
			"from": [7.151, 5.85, 8.49],
			"to": [8.846, 7.65, 10.69],
			"rotation": {"angle": 0, "axis": "y", "origin": [14.8, 13.6, 16.5]},
			"faces": {
				"north": {"uv": [4, 5, 8, 8], "texture": "#1"},
				"east": {"uv": [4, 5, 8, 8], "texture": "#1"},
				"south": {"uv": [4, 5, 8, 8], "texture": "#1"},
				"west": {"uv": [4, 5, 8, 8], "texture": "#1"},
				"up": {"uv": [4, 5, 8, 8], "texture": "#1"},
				"down": {"uv": [4, 5, 8, 8], "texture": "#1"}
			}
		},
		{
			"from": [7.152, 5.65, 9.19],
			"to": [8.845, 7.35, 11.39],
			"rotation": {"angle": 0, "axis": "y", "origin": [14.8, 13.4, 17.2]},
			"faces": {
				"north": {"uv": [4, 5, 8, 8], "texture": "#1"},
				"east": {"uv": [4, 5, 8, 8], "texture": "#1"},
				"south": {"uv": [4, 5, 8, 8], "texture": "#1"},
				"west": {"uv": [4, 5, 8, 8], "texture": "#1"},
				"up": {"uv": [4, 5, 8, 8], "texture": "#1"},
				"down": {"uv": [4, 5, 8, 8], "texture": "#1"}
			}
		},
		{
			"from": [7.153, 5.35, 9.89],
			"to": [8.844, 7.05, 11.89],
			"rotation": {"angle": 0, "axis": "y", "origin": [14.8, 12.9, 17.7]},
			"faces": {
				"north": {"uv": [4, 5, 8, 8], "texture": "#1"},
				"east": {"uv": [4, 5, 8, 8], "texture": "#1"},
				"south": {"uv": [4, 5, 8, 8], "texture": "#1"},
				"west": {"uv": [4, 5, 8, 8], "texture": "#1"},
				"up": {"uv": [4, 5, 8, 8], "texture": "#1"},
				"down": {"uv": [4, 5, 8, 8], "texture": "#1"}
			}
		},
		{
			"from": [7.154, 4.9, 10.24],
			"to": [8.843, 6.6, 12.14],
			"rotation": {"angle": 0, "axis": "y", "origin": [14.8, 12.45, 17.75]},
			"faces": {
				"north": {"uv": [4, 5, 8, 8], "texture": "#1"},
				"east": {"uv": [4, 5, 8, 8], "texture": "#1"},
				"south": {"uv": [4, 5, 8, 8], "texture": "#1"},
				"west": {"uv": [4, 5, 8, 8], "texture": "#1"},
				"up": {"uv": [4, 5, 8, 8], "texture": "#1"},
				"down": {"uv": [4, 5, 8, 8], "texture": "#1"}
			}
		},
		{
			"from": [7.5, 4.9, 7.7],
			"to": [8.5, 6, 8],
			"rotation": {"angle": 0, "axis": "y", "origin": [15, 12, 15.6]},
			"faces": {
				"north": {"uv": [2, 1, 4, 3], "texture": "#0"},
				"east": {"uv": [2, 1, 4, 3], "texture": "#0"},
				"south": {"uv": [2, 1, 4, 3], "texture": "#0"},
				"west": {"uv": [2, 1, 4, 3], "texture": "#0"},
				"up": {"uv": [2, 1, 4, 3], "texture": "#0"},
				"down": {"uv": [2, 1, 4, 3], "texture": "#0"}
			}
		},
		{
			"from": [7.51, 4.7, 7.8],
			"to": [8.49, 5, 8.1],
			"rotation": {"angle": 0, "axis": "y", "origin": [15, 11, 15.7]},
			"faces": {
				"north": {"uv": [10, 12, 12, 14], "texture": "#0"},
				"east": {"uv": [10, 12, 12, 14], "texture": "#0"},
				"south": {"uv": [10, 12, 12, 14], "texture": "#0"},
				"west": {"uv": [10, 12, 12, 14], "texture": "#0"},
				"up": {"uv": [10, 12, 12, 14], "texture": "#0"},
				"down": {"uv": [10, 12, 12, 14], "texture": "#0"}
			}
		},
		{
			"from": [7.51, 4.7, 9],
			"to": [8.49, 5, 9.3],
			"rotation": {"angle": 0, "axis": "y", "origin": [15, 11, 16.9]},
			"faces": {
				"north": {"uv": [6, 9, 8, 11], "texture": "#0"},
				"east": {"uv": [6, 9, 8, 11], "texture": "#0"},
				"south": {"uv": [6, 9, 8, 11], "texture": "#0"},
				"west": {"uv": [6, 9, 8, 11], "texture": "#0"},
				"up": {"uv": [6, 9, 8, 11], "texture": "#0"},
				"down": {"uv": [6, 9, 8, 11], "texture": "#0"}
			}
		},
		{
			"from": [7.51, 4.9, 9.3],
			"to": [8.49, 5.3, 9.6],
			"rotation": {"angle": 0, "axis": "y", "origin": [15, 11.2, 17.2]},
			"faces": {
				"north": {"uv": [9, 12, 11, 14], "texture": "#0"},
				"east": {"uv": [9, 12, 11, 14], "texture": "#0"},
				"south": {"uv": [9, 12, 11, 14], "texture": "#0"},
				"west": {"uv": [9, 12, 11, 14], "texture": "#0"},
				"up": {"uv": [9, 12, 11, 14], "texture": "#0"},
				"down": {"uv": [9, 12, 11, 14], "texture": "#0"}
			}
		},
		{
			"from": [7.52, 4.8, 9.2],
			"to": [8.48, 5.1, 9.5],
			"rotation": {"angle": 0, "axis": "y", "origin": [15, 11.1, 17.1]},
			"faces": {
				"north": {"uv": [6, 9, 8, 11], "texture": "#0"},
				"east": {"uv": [6, 9, 8, 11], "texture": "#0"},
				"south": {"uv": [6, 9, 8, 11], "texture": "#0"},
				"west": {"uv": [6, 9, 8, 11], "texture": "#0"},
				"up": {"uv": [6, 9, 8, 11], "texture": "#0"},
				"down": {"uv": [6, 9, 8, 11], "texture": "#0"}
			}
		},
		{
			"from": [7.52, 5.2, 9.4],
			"to": [8.48, 5.7, 9.7],
			"rotation": {"angle": 0, "axis": "y", "origin": [15, 11.5, 17.3]},
			"faces": {
				"north": {"uv": [13, 12, 15, 14], "texture": "#0"},
				"east": {"uv": [13, 12, 15, 14], "texture": "#0"},
				"south": {"uv": [13, 12, 15, 14], "texture": "#0"},
				"west": {"uv": [13, 12, 15, 14], "texture": "#0"},
				"up": {"uv": [13, 12, 15, 14], "texture": "#0"},
				"down": {"uv": [13, 12, 15, 14], "texture": "#0"}
			}
		},
		{
			"from": [7.62, 5.5, 8.7],
			"to": [8.38, 5.9, 9.1],
			"rotation": {"angle": 0, "axis": "y", "origin": [15, 11.7, 16.7]},
			"faces": {
				"north": {"uv": [4, 0, 6, 1], "texture": "#0"},
				"east": {"uv": [4, 0, 6, 1], "texture": "#0"},
				"south": {"uv": [4, 0, 6, 1], "texture": "#0"},
				"west": {"uv": [4, 0, 6, 1], "texture": "#0"},
				"up": {"uv": [4, 0, 6, 1], "texture": "#0"},
				"down": {"uv": [4, 0, 6, 1], "texture": "#0"}
			}
		},
		{
			"from": [7.61, 5.3, 8.6],
			"to": [8.37, 5.6, 9],
			"rotation": {"angle": 0, "axis": "y", "origin": [15, 11.4, 16.6]},
			"faces": {
				"north": {"uv": [4, 0, 6, 1], "texture": "#0"},
				"east": {"uv": [4, 0, 6, 1], "texture": "#0"},
				"south": {"uv": [4, 0, 6, 1], "texture": "#0"},
				"west": {"uv": [4, 0, 6, 1], "texture": "#0"},
				"up": {"uv": [4, 0, 6, 1], "texture": "#0"},
				"down": {"uv": [4, 0, 6, 1], "texture": "#0"}
			}
		},
		{
			"from": [7.62, 5.2, 8.4],
			"to": [8.36, 5.45, 8.8],
			"rotation": {"angle": 0, "axis": "y", "origin": [15, 11.3, 16.4]},
			"faces": {
				"north": {"uv": [4, 0, 6, 1], "texture": "#0"},
				"east": {"uv": [4, 0, 6, 1], "texture": "#0"},
				"south": {"uv": [4, 0, 6, 1], "texture": "#0"},
				"west": {"uv": [4, 0, 6, 1], "texture": "#0"},
				"up": {"uv": [4, 0, 6, 1], "texture": "#0"},
				"down": {"uv": [4, 0, 6, 1], "texture": "#0"}
			}
		},
		{
			"from": [7.52, 4.6, 8],
			"to": [8.48, 4.9, 9.1],
			"rotation": {"angle": 0, "axis": "y", "origin": [15, 10.9, 15.9]},
			"faces": {
				"north": {"uv": [9, 12, 11, 14], "texture": "#0"},
				"east": {"uv": [9, 12, 11, 14], "texture": "#0"},
				"south": {"uv": [9, 12, 11, 14], "texture": "#0"},
				"west": {"uv": [9, 12, 11, 14], "texture": "#0"},
				"up": {"uv": [9, 12, 11, 14], "texture": "#0"},
				"down": {"uv": [9, 12, 11, 14], "texture": "#0"}
			}
		},
		{
			"from": [7.355, 4, 10.64],
			"to": [8.642, 4.2, 12.14],
			"rotation": {"angle": 0, "axis": "y", "origin": [14.8, 11.65, 17.95]},
			"faces": {
				"north": {"uv": [4, 7, 6, 8], "texture": "#1"},
				"east": {"uv": [4, 7, 6, 8], "texture": "#1"},
				"south": {"uv": [4, 7, 6, 8], "texture": "#1"},
				"west": {"uv": [4, 7, 6, 8], "texture": "#1"},
				"up": {"uv": [4, 7, 6, 8], "texture": "#1"},
				"down": {"uv": [2, 4, 4, 7], "texture": "#1"}
			}
		},
		{
			"from": [7.155, 4.2, 10.44],
			"to": [8.842, 6, 12.44],
			"rotation": {"angle": 0, "axis": "y", "origin": [14.8, 11.85, 17.95]},
			"faces": {
				"north": {"uv": [4, 5, 8, 8], "texture": "#1"},
				"east": {"uv": [4, 5, 8, 8], "texture": "#1"},
				"south": {"uv": [4, 5, 8, 8], "texture": "#1"},
				"west": {"uv": [4, 5, 8, 8], "texture": "#1"},
				"up": {"uv": [4, 5, 8, 8], "texture": "#1"},
				"down": {"uv": [4, 5, 8, 8], "texture": "#1"}
			}
		},
		{
			"from": [7.355, 4.4, 12.44],
			"to": [8.642, 5.7, 12.64],
			"rotation": {"angle": 0, "axis": "y", "origin": [14.8, 11.85, 19.95]},
			"faces": {
				"north": {"uv": [4, 5, 6, 7], "texture": "#1"},
				"east": {"uv": [4, 5, 6, 7], "texture": "#1"},
				"south": {"uv": [4, 5, 6, 7], "texture": "#1"},
				"west": {"uv": [4, 5, 6, 7], "texture": "#1"},
				"up": {"uv": [4, 5, 5, 6], "texture": "#1"},
				"down": {"uv": [4, 5, 5, 6], "texture": "#1"}
			}
		}
	]
}