{
    "__comment": "Model generated using MrCrayfish's Model Creator (https://mrcrayfish.com/tools?id=mc)",
    "textures": {
        "gray_shulker_box": "custom/gray_shulker_box",
        "gray_metal": "custom/smooth_stone",
        "stone": "custom/stone",
        "coal_block": "custom/coal_block"
    },
    "display": {
        "gui": {
            "rotation": [ 30, 45, -45 ],
            "translation": [ 0, 0, 0 ],
            "scale": [ 1, 1, 1 ]
        },
        "ground": {
            "rotation": [ 45, 0, 0 ],
            "translation": [ 0, 3, 0 ],
            "scale": [ 0.8, 0.8, 0.8 ]
        },
        "fixed": {
            "rotation": [ 0, 180, 0 ],
            "translation": [ 0, 0, 0 ],
            "scale": [ 1, 1, 1 ]
        },
        "head": {
            "rotation": [ 0, 180, 0 ],
            "translation": [ 0, 0, 0 ],
            "scale": [ 1, 1, 1 ]
        },
        "firstperson_righthand": {
            "rotation": [ 0, 315, 12 ],
            "translation": [ 0, 2.5, 0 ],
            "scale": [ 0.8, 0.8, 0.8 ]
        },
        "thirdperson_righthand": {
            "rotation": [ 20, 0, 0 ],
            "translation": [ 0, 2.5, 0 ],
            "scale": [ 0.9, 0.9, 0.9 ]
        }
    },
    "elements": [
        {
            "name": "face_1",
            "from": [ 7, 1, 9 ], 
            "to": [ 9, 13, 10 ], 
            "faces": {
                "north": { "texture": "#gray_metal", "uv": [ 7, 2, 9, 14 ] },
                "east": { "texture": "#gray_metal", "uv": [ 11, 2, 12, 14 ] },
                "south": { "texture": "#gray_metal", "uv": [ 7, 3, 9, 15 ] },
                "west": { "texture": "#gray_metal", "uv": [ 4, 2, 5, 14 ] },
                "up": { "texture": "#gray_metal", "uv": [ 0, 0, 2, 1 ] },
                "down": { "texture": "#gray_metal", "uv": [ 4, 15, 6, 16 ] }
            }
        },
        {
            "name": "face_2",
            "from": [ 7, 1, 6 ], 
            "to": [ 9, 13, 7 ], 
            "faces": {
                "north": { "texture": "#gray_metal", "uv": [ 6, 2, 8, 14 ] },
                "east": { "texture": "#gray_metal", "uv": [ 7, 1, 8, 13 ] },
                "south": { "texture": "#gray_metal", "uv": [ 3, 2, 5, 14 ] },
                "west": { "texture": "#gray_metal", "uv": [ 8, 2, 9, 14 ] },
                "up": { "texture": "#gray_metal", "uv": [ 6, 6, 8, 7 ] },
                "down": { "texture": "#gray_metal", "uv": [ 8, 5, 10, 6 ] }
            }
        },
        {
            "name": "face_3",
            "from": [ 9, 1, 7 ], 
            "to": [ 10, 13, 9 ], 
            "faces": {
                "north": { "texture": "#gray_metal", "uv": [ 6, 2, 7, 15 ] },
                "east": { "texture": "#gray_metal", "uv": [ 9, 3, 11, 15 ] },
                "south": { "texture": "#gray_metal", "uv": [ 6, 2, 7, 14 ] },
                "west": { "texture": "#gray_metal", "uv": [ 7, 3, 9, 15 ] },
                "up": { "texture": "#gray_metal", "uv": [ 7, 5, 8, 7 ] },
                "down": { "texture": "#gray_metal", "uv": [ 7, 4, 8, 6 ] }
            }
        },
        {
            "name": "face_4",
            "from": [ 6, 1, 7 ], 
            "to": [ 7, 13, 9 ], 
            "faces": {
                "north": { "texture": "#gray_metal", "uv": [ 5, 2, 6, 14 ] },
                "east": { "texture": "#gray_metal", "uv": [ 6, 1, 8, 13 ] },
                "south": { "texture": "#gray_metal", "uv": [ 7, 3, 8, 15 ] },
                "west": { "texture": "#gray_metal", "uv": [ 6, 2, 8, 14 ] },
                "up": { "texture": "#gray_metal", "uv": [ 5, 3, 6, 5 ] },
                "down": { "texture": "#gray_metal", "uv": [ 5, 5, 6, 7 ] }
            }
        },
        {
            "name": "corner_1",
            "from": [ 9, 1, 9 ], 
            "to": [ 9.5, 13, 9.5 ], 
            "faces": {
                "east": { "texture": "#gray_metal", "uv": [ 0, 0, 0.5, 12 ] },
                "south": { "texture": "#gray_metal", "uv": [ 0, 0, 0.5, 12 ] }
            }
        },
        {
            "name": "corner_2",
            "from": [ 9, 1, 6.5 ], 
            "to": [ 9.5, 13, 7 ], 
            "faces": {
                "north": { "texture": "#gray_metal", "uv": [ 0, 0, 0.5, 12 ] },
                "east": { "texture": "#gray_metal", "uv": [ 0, 0, 0.5, 12 ] }
            }
        },
        {
            "name": "corner_3",
            "from": [ 6.5, 1, 6.5 ], 
            "to": [ 7, 13, 7 ], 
            "faces": {
                "north": { "texture": "#gray_metal", "uv": [ 0, 0, 0.5, 12 ] },
                "west": { "texture": "#gray_metal", "uv": [ 0, 0, 0.5, 12 ] }
            }
        },
        {
            "name": "corner_4",
            "from": [ 6.5, 1, 9 ], 
            "to": [ 7, 13, 9.5 ], 
            "faces": {
                "south": { "texture": "#gray_metal", "uv": [ 0, 0, 0.5, 12 ] },
                "west": { "texture": "#gray_metal", "uv": [ 0, 0, 0.5, 12 ] }
            }
        },
        {
            "name": "top",
            "from": [ 7, 13.5, 7 ], 
            "to": [ 9, 14, 9 ], 
            "faces": {
                "north": { "texture": "#gray_metal", "uv": [ 0, 0, 2, 0.5 ] },
                "east": { "texture": "#gray_metal", "uv": [ 0, 0, 2, 0.5 ] },
                "south": { "texture": "#gray_metal", "uv": [ 0, 0, 2, 0.5 ] },
                "west": { "texture": "#gray_metal", "uv": [ 0, 0, 2, 0.5 ] },
                "up": { "texture": "#stone", "uv": [ 10, 5, 12, 7 ] }
            }
        },
        {
            "name": "top_2",
            "from": [ 6.5, 13, 6.5 ], 
            "to": [ 9.5, 13.75, 9.5 ], 
            "faces": {
                "north": { "texture": "#gray_metal", "uv": [ 0, 0, 3, 0.75 ] },
                "east": { "texture": "#gray_metal", "uv": [ 0, 0, 3, 0.75 ] },
                "south": { "texture": "#gray_metal", "uv": [ 0, 0, 3, 0.75 ] },
                "west": { "texture": "#gray_metal", "uv": [ 0, 0, 3, 0.75 ] },
                "up": { "texture": "#stone", "uv": [ 9, 5, 12, 8 ] },
                "down": { "texture": "#gray_metal", "uv": [ 0, 0, 3, 3 ] }
            }
        },
        {
            "name": "bottom",
            "from": [ 6.5, 0.75, 6.5 ], 
            "to": [ 9.5, 1.25, 9.5 ], 
            "faces": {
                "north": { "texture": "#stone", "uv": [ 5, 7, 8, 7.5 ] },
                "east": { "texture": "#stone", "uv": [ 6, 2, 9, 2.5 ] },
                "south": { "texture": "#stone", "uv": [ 7, 5, 10, 5.5 ] },
                "west": { "texture": "#stone", "uv": [ 5, 7, 8, 7.5 ] },
                "up": { "texture": "#stone", "uv": [ 6, 4, 9, 7 ] },
                "down": { "texture": "#stone", "uv": [ 3, 5, 6, 8 ] }
            }
        },
        {
            "name": "mouth",
            "from": [ 7.5, 14, 7.5 ], 
            "to": [ 8.5, 16.5, 8.5 ], 
            "faces": {
                "north": { "texture": "#coal_block", "uv": [ 0, 0, 1, 2.5 ] },
                "east": { "texture": "#coal_block", "uv": [ 0, 0, 1, 2.5 ] },
                "south": { "texture": "#coal_block", "uv": [ 0, 0, 1, 2.5 ] },
                "west": { "texture": "#coal_block", "uv": [ 0, 0, 1, 2.5 ] },
                "up": { "texture": "#coal_block", "uv": [ 0, 0, 1, 1 ] }
            }
        },
        {
            "name": "mouth_2",
            "from": [ 6.5, 15.5, 7.75 ], 
            "to": [ 7.5, 16, 8.25 ], 
            "faces": {
                "north": { "texture": "#coal_block", "uv": [ 0, 0, 1, 0.5 ] },
                "south": { "texture": "#coal_block", "uv": [ 0, 0, 1, 0.5 ] },
                "up": { "texture": "#coal_block", "uv": [ 0, 0, 1, 0.5 ] },
                "down": { "texture": "#coal_block", "uv": [ 0, 0, 1, 0.5 ] }
            }
        },
        {
            "name": "mouth_3",
            "from": [ 6.45, 15.375, 7.625 ], 
            "to": [ 6.7, 16.125, 8.375 ], 
            "faces": {
                "north": { "texture": "#gray_shulker_box", "uv": [ 9, 8, 9.25, 8.75 ] },
                "east": { "texture": "#gray_shulker_box", "uv": [ 8, 8, 8.75, 8.75 ] },
                "south": { "texture": "#gray_shulker_box", "uv": [ 12, 9, 12.25, 10.75 ] },
                "west": { "texture": "#gray_shulker_box", "uv": [ 10, 10, 10.75, 10.75 ] },
                "up": { "texture": "#gray_shulker_box", "uv": [ 13, 12, 13.25, 12.75 ] },
                "down": { "texture": "#gray_shulker_box", "uv": [ 8, 8, 8.25, 8.75 ] }
            }
        },
        {
            "name": "wheel",
            "from": [ 8, 14.75, 8.25 ], 
            "to": [ 9, 15.75, 8.75 ], 
            "faces": {
                "north": { "texture": "#gray_shulker_box", "uv": [ 7, 7, 8, 8 ] },
                "east": { "texture": "#gray_shulker_box", "uv": [ 0, 0, 0.5, 1 ] },
                "south": { "texture": "#gray_shulker_box", "uv": [ 6, 6, 7, 7 ] },
                "west": { "texture": "#gray_shulker_box", "uv": [ 0, 0, 0.5, 1 ] },
                "up": { "texture": "#gray_shulker_box", "uv": [ 0, 0, 1, 0.5 ] },
                "down": { "texture": "#gray_shulker_box", "uv": [ 0, 0, 1, 0.5 ] }
            }
        },
        {
            "name": "wheel_1",
            "from": [ 7.85, 14.91, 8.25 ], 
            "to": [ 8.1, 15.57, 8.75 ], 
            "faces": {
                "south": { "texture": "#gray_shulker_box", "uv": [ 9, 5, 9.25, 5.66 ] },
                "west": { "texture": "#gray_shulker_box", "uv": [ 8, 8, 8.5, 8.66 ] },
                "up": { "texture": "#gray_shulker_box", "uv": [ 8, 7, 8.25, 7.5 ] },
                "down": { "texture": "#gray_shulker_box", "uv": [ 11, 9, 11.25, 9.5 ] }
            }
        },
        {
            "name": "wheel_2",
            "from": [ 8.9, 14.91, 8.25 ], 
            "to": [ 9.15, 15.57, 8.75 ], 
            "faces": {
                "north": { "texture": "#gray_shulker_box", "uv": [ 12, 9, 12.25, 9.66 ] },
                "east": { "texture": "#gray_shulker_box", "uv": [ 8, 6, 8.5, 6.66 ] },
                "south": { "texture": "#gray_shulker_box", "uv": [ 8, 8, 8.25, 8.66 ] },
                "up": { "texture": "#gray_shulker_box", "uv": [ 7, 7, 7.25, 7.5 ] },
                "down": { "texture": "#gray_shulker_box", "uv": [ 7, 5, 7.25, 5.5 ] }
            }
        },
        {
            "name": "wheel_3",
            "from": [ 8.16, 15.65, 8.25 ], 
            "to": [ 8.82, 15.9, 8.75 ], 
            "faces": {
                "north": { "texture": "#gray_shulker_box", "uv": [ 5, 5, 5.66, 5.25 ] },
                "east": { "texture": "#gray_shulker_box", "uv": [ 7, 8, 7.5, 8.25 ] },
                "south": { "texture": "#gray_shulker_box", "uv": [ 6, 5, 6.66, 5.25 ] },
                "west": { "texture": "#gray_shulker_box", "uv": [ 7, 8, 7.5, 8.25 ] },
                "up": { "texture": "#gray_shulker_box", "uv": [ 5, 6, 5.66, 6.5 ] }
            }
        },
        {
            "name": "wheel_4",
            "from": [ 8.16, 14.65, 8.25 ], 
            "to": [ 8.82, 14.9, 8.75 ], 
            "faces": {
                "north": { "texture": "#gray_shulker_box", "uv": [ 10, 9, 10.66, 9.25 ] },
                "east": { "texture": "#gray_shulker_box", "uv": [ 8, 9, 8.5, 9.25 ] },
                "south": { "texture": "#gray_shulker_box", "uv": [ 7, 7, 7.66, 7.25 ] },
                "west": { "texture": "#gray_shulker_box", "uv": [ 8, 6, 8.5, 6.25 ] },
                "down": { "texture": "#gray_shulker_box", "uv": [ 6, 5, 6.66, 5.5 ] }
            }
        },
        {
            "name": "mouth_top",
            "from": [ 7.6, 16.4, 7.6 ], 
            "to": [ 8.4, 16.65, 8.4 ], 
            "faces": {
                "north": { "texture": "#coal_block", "uv": [ 0, 0, 0.8, 0.25 ] },
                "east": { "texture": "#coal_block", "uv": [ 0, 0, 0.8, 0.25 ] },
                "south": { "texture": "#coal_block", "uv": [ 0, 0, 0.8, 0.25 ] },
                "west": { "texture": "#coal_block", "uv": [ 0, 0, 0.8, 0.25 ] },
                "up": { "texture": "#coal_block", "uv": [ 0, 0, 0.8, 0.8 ] }
            }
        },
        {
            "name": "top_3",
            "from": [ 7, 12.75, 6.15 ], 
            "to": [ 9, 13.5, 9.85 ], 
            "faces": {
                "north": { "texture": "#gray_metal", "uv": [ 4, 6, 6, 6.75 ] },
                "east": { "texture": "#gray_metal", "uv": [ 4, 4, 7.7, 4.75 ] },
                "south": { "texture": "#gray_metal", "uv": [ 8, 5, 10, 5.75 ] },
                "west": { "texture": "#gray_metal", "uv": [ 6, 9, 9.7, 9.75 ] },
                "up": { "texture": "#gray_metal", "uv": [ 4, 4, 6, 7.7 ] },
                "down": { "texture": "#gray_metal", "uv": [ 3, 4, 5, 7.7 ] }
            }
        },
        {
            "name": "top_4",
            "from": [ 6.15, 12.75, 7 ], 
            "to": [ 9.85, 13.5, 9 ], 
            "faces": {
                "north": { "texture": "#gray_metal", "uv": [ 3, 4, 6.7, 4.75 ] },
                "east": { "texture": "#gray_metal", "uv": [ 3, 5, 5, 5.75 ] },
                "south": { "texture": "#gray_metal", "uv": [ 3, 5, 6.7, 5.75 ] },
                "west": { "texture": "#gray_metal", "uv": [ 6, 5, 8, 5.75 ] },
                "up": { "texture": "#gray_metal", "uv": [ 5, 4, 8.7, 6 ] },
                "down": { "texture": "#gray_metal", "uv": [ 6, 7, 9.7, 9 ] }
            }
        }
    ]
}