{
    "__comment": "Model generated using MrCrayfish's Model Creator (https://mrcrayfish.com/tools?id=mc)",
    "textures": {
        "light_gray_concrete_powder": "custom/light_gray_concrete_powder",
        "iron_block": "custom/iron_block",
        "smooth_stone": "custom/smooth_stone",
        "coal_block": "custom/coal_block",
        "stone": "custom/stone"
    },
    "display": {
        "gui": {
            "rotation": [ 25, 25, -33 ],
            "translation": [ 9, 6.8, 0 ],
            "scale": [ 0.75, 0.75, 0.75 ]
        },
        "ground": {
            "rotation": [ 45, 0, 0 ],
            "translation": [ 7, 15, 6.5 ],
            "scale": [ 0.8, 0.8, 0.8 ]
        },
        "fixed": {
            "rotation": [ 0, 180, 0 ],
            "translation": [ 0, 0, 0 ],
            "scale": [ 1, 1, 1 ]
        },
        "head": {
            "rotation": [ 0, 180, 0 ],
            "translation": [ 0, 0, 0 ],
            "scale": [ 1, 1, 1 ]
        },
        "firstperson_righthand": {
            "rotation": [ 0, 180, 0 ],
            "translation": [ -0.5, 4.2, 0 ],
            "scale": [ 1, 1, 1 ]
        },
        "thirdperson_righthand": {
            "rotation": [ 5, 180, 0 ],
            "translation": [ 1.45, 6.5, 0 ],
            "scale": [0.95, 0.95, 0.95 ]
        }
    },
    "elements": [
        {
            "name": "blade_1",
            "from": [ 7.75, 5, 6.85 ], 
            "to": [ 8.25, 18, 8.75 ], 
            "faces": {
                "north": { "texture": "#iron_block", "uv": [ 1, 3, 1.5, 16 ] },
                "east": { "texture": "#iron_block", "uv": [ 1, 3, 2.9, 16 ] },
                "south": { "texture": "#iron_block", "uv": [ 1, 3, 1.5, 16 ] },
                "west": { "texture": "#iron_block", "uv": [ 1, 3, 2.9, 16 ] },
                "up": { "texture": "#iron_block", "uv": [ 0, 0, 0.5, 1.9 ] }
            }
        },
        {
            "name": "blade_2",
            "from": [ 7.75, 18, 8.35 ], 
            "to": [ 8.25, 19, 8.75 ], 
            "faces": {
                "north": { "texture": "#iron_block", "uv": [ 3, 4, 3.5, 5 ] },
                "east": { "texture": "#iron_block", "uv": [ 2, 4, 2.4, 5 ] },
                "south": { "texture": "#iron_block", "uv": [ 3, 4, 3.5, 5 ] },
                "west": { "texture": "#iron_block", "uv": [ 2, 4, 2.4, 5 ] },
                "up": { "texture": "#iron_block", "uv": [ 3, 4, 3.5, 4.4 ] }
            }
        },
        {
            "name": "blade_3",
            "from": [ 7.75, 18, 7.95 ], 
            "to": [ 8.25, 18.75, 8.35 ], 
            "faces": {
                "north": { "texture": "#iron_block", "uv": [ 4, 4, 4.5, 4.75 ] },
                "east": { "texture": "#iron_block", "uv": [ 5, 4, 5.4, 4.75 ] },
                "west": { "texture": "#iron_block", "uv": [ 3, 4, 3.4, 4.75 ] },
                "up": { "texture": "#iron_block", "uv": [ 4, 4, 4.5, 4.4 ] }
            }
        },
        {
            "name": "blade_4",
            "from": [ 7.75, 18, 7.55 ], 
            "to": [ 8.25, 18.5, 7.95 ], 
            "faces": {
                "north": { "texture": "#iron_block", "uv": [ 3, 4, 3.5, 4.5 ] },
                "east": { "texture": "#iron_block", "uv": [ 3, 4, 3.4, 4.5 ] },
                "west": { "texture": "#iron_block", "uv": [ 3, 4, 3.4, 4.5 ] },
                "up": { "texture": "#iron_block", "uv": [ 2, 4, 2.5, 4.4 ] }
            }
        },
        {
            "name": "blade_5",
            "from": [ 7.75, 18, 7.15 ], 
            "to": [ 8.25, 18.25, 7.55 ], 
            "faces": {
                "north": { "texture": "#iron_block", "uv": [ 3, 4, 3.5, 4.25 ] },
                "east": { "texture": "#iron_block", "uv": [ 4, 4, 4.4, 4.25 ] },
                "west": { "texture": "#iron_block", "uv": [ 3, 4, 3.4, 4.25 ] },
                "up": { "texture": "#iron_block", "uv": [ 5, 4, 5.5, 4.4 ] }
            }
        },
        {
            "name": "handle",
            "from": [ 7.5, 4, 6.5 ], 
            "to": [ 8.5, 5, 9 ], 
            "faces": {
                "north": { "texture": "#coal_block", "uv": [ 0, 0, 1, 1 ] },
                "east": { "texture": "#coal_block", "uv": [ 0, 0, 2.5, 1 ] },
                "south": { "texture": "#coal_block", "uv": [ 0, 0, 1, 1 ] },
                "west": { "texture": "#coal_block", "uv": [ 0, 0, 2.5, 1 ] },
                "up": { "texture": "#coal_block", "uv": [ 0, 0, 1, 2.5 ] },
                "down": { "texture": "#coal_block", "uv": [ 0, 0, 1, 2.5 ] }
            }
        },
        {
            "name": "handle_2",
            "from": [ 7.5, 3.5, 7 ], 
            "to": [ 8.5, 4.25, 9.5 ], 
            "faces": {
                "north": { "texture": "#coal_block", "uv": [ 0, 0, 1, 0.75 ] },
                "east": { "texture": "#coal_block", "uv": [ 0, 0, 2.5, 0.75 ] },
                "south": { "texture": "#coal_block", "uv": [ 0, 0, 1, 0.75 ] },
                "west": { "texture": "#coal_block", "uv": [ 0, 0, 2.5, 0.75 ] },
                "up": { "texture": "#coal_block", "uv": [ 0, 0, 1, 2.5 ] },
                "down": { "texture": "#coal_block", "uv": [ 0, 0, 1, 2.5 ] }
            }
        },
        {
            "name": "handle_3",
            "from": [ 7.5, 3.75, 9.5 ], 
            "to": [ 8.5, 4.5, 10 ], 
            "faces": {
                "north": { "texture": "#coal_block", "uv": [ 0, 0, 1, 0.75 ] },
                "east": { "texture": "#coal_block", "uv": [ 0, 0, 0.5, 0.75 ] },
                "south": { "texture": "#coal_block", "uv": [ 0, 0, 1, 0.75 ] },
                "west": { "texture": "#coal_block", "uv": [ 0, 0, 0.5, 0.75 ] },
                "up": { "texture": "#coal_block", "uv": [ 0, 0, 1, 0.5 ] },
                "down": { "texture": "#coal_block", "uv": [ 0, 0, 1, 0.5 ] }
            }
        },
        {
            "name": "handle_4",
            "from": [ 7.5, 4, 10 ], 
            "to": [ 8.5, 4.75, 10.5 ], 
            "faces": {
                "north": { "texture": "#coal_block", "uv": [ 0, 0, 1, 0.75 ] },
                "east": { "texture": "#coal_block", "uv": [ 0, 0, 0.5, 0.75 ] },
                "south": { "texture": "#coal_block", "uv": [ 0, 0, 1, 0.75 ] },
                "west": { "texture": "#coal_block", "uv": [ 0, 0, 0.5, 0.75 ] },
                "up": { "texture": "#coal_block", "uv": [ 0, 0, 1, 0.5 ] }
            }
        },
        {
            "name": "handle_5",
            "from": [ 7.5, 0.8, 6.85 ], 
            "to": [ 8.5, 3.8, 8.6 ], 
            "rotation": { "origin": [ 8, 3, 8 ], "axis": "x", "angle": 22.5 },
            "faces": {
                "north": { "texture": "#coal_block", "uv": [ 0, 0, 1, 3 ] },
                "east": { "texture": "#coal_block", "uv": [ 0, 0, 1.75, 3 ] },
                "south": { "texture": "#coal_block", "uv": [ 0, 0, 1, 3 ] },
                "west": { "texture": "#coal_block", "uv": [ 0, 0, 1.75, 3 ] },
                "up": { "texture": "#coal_block", "uv": [ 0, 0, 1, 1.75 ] },
                "down": { "texture": "#coal_block", "uv": [ 0, 0, 1, 1.75 ] }
            }
        },
        {
            "name": "handle_6",
            "from": [ 7.5, -0.5, 6.1 ], 
            "to": [ 8.5, 1.5, 8 ], 
            "faces": {
                "north": { "texture": "#coal_block", "uv": [ 0, 0, 1, 2 ] },
                "east": { "texture": "#coal_block", "uv": [ 0, 0, 1.9, 2 ] },
                "south": { "texture": "#coal_block", "uv": [ 0, 0, 1, 2 ] },
                "west": { "texture": "#coal_block", "uv": [ 0, 0, 1.9, 2 ] },
                "up": { "texture": "#coal_block", "uv": [ 0, 0, 1, 1.9 ] },
                "down": { "texture": "#coal_block", "uv": [ 0, 0, 1, 1.9 ] }
            }
        },
        {
            "name": "handle_7",
            "from": [ 7.5, 3.5, 10 ], 
            "to": [ 8.5, 4, 10.75 ], 
            "faces": {
                "north": { "texture": "#coal_block", "uv": [ 0, 0, 1, 0.5 ] },
                "east": { "texture": "#coal_block", "uv": [ 0, 0, 0.75, 0.5 ] },
                "south": { "texture": "#coal_block", "uv": [ 0, 0, 1, 0.5 ] },
                "west": { "texture": "#coal_block", "uv": [ 0, 0, 0.75, 0.5 ] },
                "up": { "texture": "#coal_block", "uv": [ 0, 0, 1, 0.75 ] },
                "down": { "texture": "#coal_block", "uv": [ 0, 0, 1, 0.75 ] }
            }
        },
        {
            "name": "handle_8",
            "from": [ 7.5, 2.25, 10.35 ], 
            "to": [ 8.5, 3.75, 10.95 ], 
            "faces": {
                "north": { "texture": "#coal_block", "uv": [ 0, 0, 1, 1.5 ] },
                "east": { "texture": "#coal_block", "uv": [ 0, 0, 0.6, 1.5 ] },
                "south": { "texture": "#coal_block", "uv": [ 0, 0, 1, 1.5 ] },
                "west": { "texture": "#coal_block", "uv": [ 0, 0, 0.6, 1.5 ] },
                "up": { "texture": "#coal_block", "uv": [ 0, 0, 1, 0.6 ] },
                "down": { "texture": "#coal_block", "uv": [ 0, 0, 1, 0.6 ] }
            }
        },
        {
            "name": "handle_7",
            "from": [ 7.5, 1.5, 10.2 ], 
            "to": [ 8.5, 2.25, 10.7 ], 
            "faces": {
                "north": { "texture": "#coal_block", "uv": [ 0, 0, 1, 0.75 ] },
                "east": { "texture": "#coal_block", "uv": [ 0, 0, 0.5, 0.75 ] },
                "south": { "texture": "#coal_block", "uv": [ 0, 0, 1, 0.75 ] },
                "west": { "texture": "#coal_block", "uv": [ 0, 0, 0.5, 0.75 ] },
                "up": { "texture": "#coal_block", "uv": [ 0, 0, 1, 0.5 ] },
                "down": { "texture": "#coal_block", "uv": [ 0, 0, 1, 0.5 ] }
            }
        },
        {
            "name": "handle_8",
            "from": [ 7.5, 1.25, 10.5 ], 
            "to": [ 8.5, 1.6, 10.85 ], 
            "faces": {
                "north": { "texture": "#coal_block", "uv": [ 0, 0, 1, 0.35 ] },
                "east": { "texture": "#coal_block", "uv": [ 0, 0, 0.35, 0.35 ] },
                "south": { "texture": "#coal_block", "uv": [ 0, 0, 1, 0.35 ] },
                "west": { "texture": "#coal_block", "uv": [ 0, 0, 0.35, 0.35 ] },
                "up": { "texture": "#coal_block", "uv": [ 0, 0, 1, 0.35 ] },
                "down": { "texture": "#coal_block", "uv": [ 0, 0, 1, 0.35 ] }
            }
        },
        {
            "name": "handle_9",
            "from": [ 7.5, 1.75, 9 ], 
            "to": [ 8.5, 3, 9.5 ], 
            "faces": {
                "north": { "texture": "#coal_block", "uv": [ 0, 0, 1, 1.25 ] },
                "east": { "texture": "#coal_block", "uv": [ 0, 0, 0.5, 1.25 ] },
                "south": { "texture": "#coal_block", "uv": [ 0, 0, 1, 1.25 ] },
                "west": { "texture": "#coal_block", "uv": [ 0, 0, 0.5, 1.25 ] },
                "up": { "texture": "#coal_block", "uv": [ 0, 0, 1, 0.5 ] },
                "down": { "texture": "#coal_block", "uv": [ 0, 0, 1, 0.5 ] }
            }
        },
        {
            "name": "handle_10",
            "from": [ 7.5, 1.5, 7.75 ], 
            "to": [ 8.5, 2, 9.25 ], 
            "faces": {
                "north": { "texture": "#coal_block", "uv": [ 0, 0, 1, 0.5 ] },
                "east": { "texture": "#coal_block", "uv": [ 0, 0, 1.5, 0.5 ] },
                "south": { "texture": "#coal_block", "uv": [ 0, 0, 1, 0.5 ] },
                "west": { "texture": "#coal_block", "uv": [ 0, 0, 1.5, 0.5 ] },
                "up": { "texture": "#coal_block", "uv": [ 0, 0, 1, 1.5 ] },
                "down": { "texture": "#coal_block", "uv": [ 0, 0, 1, 1.5 ] }
            }
        },
        {
            "name": "handle_11",
            "from": [ 7.5, 2.75, 8.25 ], 
            "to": [ 8.5, 3.25, 9.25 ], 
            "faces": {
                "north": { "texture": "#coal_block", "uv": [ 0, 0, 1, 0.5 ] },
                "east": { "texture": "#coal_block", "uv": [ 0, 0, 1, 0.5 ] },
                "south": { "texture": "#coal_block", "uv": [ 0, 0, 1, 0.5 ] },
                "west": { "texture": "#coal_block", "uv": [ 0, 0, 1, 0.5 ] },
                "up": { "texture": "#coal_block", "uv": [ 0, 0, 1, 1 ] },
                "down": { "texture": "#coal_block", "uv": [ 0, 0, 1, 1 ] }
            }
        },
        {
            "name": "odm",
            "from": [ 3, -14, 7 ], 
            "to": [ 7, 3, 12.25 ], 
            "faces": {
                "north": { "texture": "#light_gray_concrete_powder", "uv": [ 6, 0, 10, 16 ] },
                "east": { "texture": "#light_gray_concrete_powder", "uv": [ 5, 0, 10.25, 16 ] },
                "south": { "texture": "#light_gray_concrete_powder", "uv": [ 6, 0, 10, 16 ] },
                "west": { "texture": "#light_gray_concrete_powder", "uv": [ 5, 0, 10.25, 16 ] },
                "up": { "texture": "#light_gray_concrete_powder", "uv": [ 5, 4, 9, 9.25 ] },
                "down": { "texture": "#light_gray_concrete_powder", "uv": [ 5, 2, 9, 7.25 ] }
            }
        },
        {
            "name": "gas_tank",
            "from": [ 4.125, -13, 4.75 ], 
            "to": [ 5.875, 2, 7 ], 
            "faces": {
                "north": { "texture": "#smooth_stone", "uv": [ 6, 0, 7.75, 15 ] },
                "east": { "texture": "#smooth_stone", "uv": [ 5, 0, 7.25, 15 ] },
                "west": { "texture": "#smooth_stone", "uv": [ 5, 0, 7.25, 15 ] },
                "up": { "texture": "#stone", "uv": [ 5, 4, 6.75, 6.25 ] },
                "down": { "texture": "#smooth_stone", "uv": [ 5, 2, 6.75, 4.25 ] }
            }
        },
        {
            "name": "gas_tank_2",
            "from": [ 3.885, -13, 5 ], 
            "to": [ 6.135, 2, 6.75 ], 
            "faces": {
                "north": { "texture": "#smooth_stone", "uv": [ 6, 0, 8.25, 15 ] },
                "east": { "texture": "#smooth_stone", "uv": [ 5, 0, 6.75, 15 ] },
                "south": { "texture": "#smooth_stone", "uv": [ 6, 0, 8.25, 15 ] },
                "west": { "texture": "#smooth_stone", "uv": [ 5, 0, 6.75, 15 ] },
                "up": { "texture": "#stone", "uv": [ 5, 4, 7.25, 5.75 ] },
                "down": { "texture": "#smooth_stone", "uv": [ 5, 2, 7.25, 3.75 ] }
            }
        },
        {
            "name": "gas_tank_3",
            "from": [ 4.25, 2, 5.125 ], 
            "to": [ 5.75, 2.5, 6.625 ], 
            "faces": {
                "north": { "texture": "#stone", "uv": [ 6, 0, 7.5, 0.5 ] },
                "east": { "texture": "#stone", "uv": [ 5, 0, 6.5, 0.5 ] },
                "south": { "texture": "#stone", "uv": [ 6, 0, 7.5, 0.5 ] },
                "west": { "texture": "#stone", "uv": [ 5, 0, 6.5, 0.5 ] },
                "up": { "texture": "#stone", "uv": [ 5, 4, 6.5, 5.5 ] }
            }
        },
        {
            "name": "gas_tank_3",
            "from": [ 4.25, -13.5, 5.125 ], 
            "to": [ 5.75, -13, 6.625 ], 
            "faces": {
                "north": { "texture": "#stone", "uv": [ 6, 0, 7.5, 0.5 ] },
                "east": { "texture": "#stone", "uv": [ 5, 0, 6.5, 0.5 ] },
                "south": { "texture": "#stone", "uv": [ 6, 0, 7.5, 0.5 ] },
                "west": { "texture": "#stone", "uv": [ 5, 0, 6.5, 0.5 ] },
                "down": { "texture": "#stone", "uv": [ 5, 2, 6.5, 3.5 ] }
            }
        },
        {
            "name": "straps",
            "from": [ 2.5, 0, 6.125 ], 
            "to": [ 3, 1, 12.475 ], 
            "faces": {
                "north": { "texture": "#coal_block", "uv": [ 0, 0, 0.5, 1 ] },
                "east": { "texture": "#coal_block", "uv": [ 0, 0, 6.35, 1 ] },
                "south": { "texture": "#coal_block", "uv": [ 0, 0, 0.5, 1 ] },
                "west": { "texture": "#coal_block", "uv": [ 0, 0, 6.35, 1 ] },
                "up": { "texture": "#coal_block", "uv": [ 0, 0, 0.5, 6.35 ] },
                "down": { "texture": "#coal_block", "uv": [ 0, 0, 0.5, 6.35 ] }
            }
        },
        {
            "name": "straps_3",
            "from": [ 4.25, 0, 4.25 ], 
            "to": [ 5.75, 1, 4.75 ], 
            "faces": {
                "north": { "texture": "#coal_block", "uv": [ 0, 0, 1.5, 1 ] },
                "east": { "texture": "#coal_block", "uv": [ 0, 0, 0.5, 1 ] },
                "west": { "texture": "#coal_block", "uv": [ 0, 0, 0.5, 1 ] },
                "up": { "texture": "#coal_block", "uv": [ 0, 0, 1.5, 0.5 ] },
                "down": { "texture": "#coal_block", "uv": [ 0, 0, 1.5, 0.5 ] }
            }
        },
        {
            "name": "straps_4",
            "from": [ 2.75, 0, 12.25 ], 
            "to": [ 7.25, 1, 12.75 ], 
            "faces": {
                "north": { "texture": "#coal_block", "uv": [ 0, 0, 4.5, 1 ] },
                "east": { "texture": "#coal_block", "uv": [ 0, 0, 0.5, 1 ] },
                "south": { "texture": "#coal_block", "uv": [ 0, 0, 4.5, 1 ] },
                "west": { "texture": "#coal_block", "uv": [ 0, 0, 0.5, 1 ] },
                "up": { "texture": "#coal_block", "uv": [ 0, 0, 4.5, 0.5 ] },
                "down": { "texture": "#coal_block", "uv": [ 0, 0, 4.5, 0.5 ] }
            }
        },
        {
            "name": "straps_5",
            "from": [ 2.6, 0, 4.85 ], 
            "to": [ 5.1, 1, 5.35 ], 
            "rotation": { "origin": [ 4, 1, 5.5 ], "axis": "y", "angle": 45.0 },
            "faces": {
                "north": { "texture": "#coal_block", "uv": [ 0, 0, 2.5, 1 ] },
                "east": { "texture": "#coal_block", "uv": [ 0, 0, 0.5, 1 ] },
                "south": { "texture": "#coal_block", "uv": [ 0, 0, 2.5, 1 ] },
                "west": { "texture": "#coal_block", "uv": [ 0, 0, 0.5, 1 ] },
                "up": { "texture": "#coal_block", "uv": [ 0, 0, 2.5, 0.5 ] },
                "down": { "texture": "#coal_block", "uv": [ 0, 0, 2.5, 0.5 ] }
            }
        },
        {
            "name": "straps",
            "from": [ 7, 0, 6.125 ], 
            "to": [ 7.5, 1, 12.475 ], 
            "faces": {
                "north": { "texture": "#coal_block", "uv": [ 0, 0, 0.5, 1 ] },
                "east": { "texture": "#coal_block", "uv": [ 0, 0, 6.35, 1 ] },
                "south": { "texture": "#coal_block", "uv": [ 0, 0, 0.5, 1 ] },
                "west": { "texture": "#coal_block", "uv": [ 0, 0, 6.35, 1 ] },
                "up": { "texture": "#coal_block", "uv": [ 0, 0, 0.5, 6.35 ] },
                "down": { "texture": "#coal_block", "uv": [ 0, 0, 0.5, 6.35 ] }
            }
        },
        {
            "name": "straps_6",
            "from": [ 4.95, 0, 5 ], 
            "to": [ 7.45, 1, 5.5 ], 
            "rotation": { "origin": [ 6.25, 1, 5.5 ], "axis": "y", "angle": -45.0 },
            "faces": {
                "north": { "texture": "#coal_block", "uv": [ 0, 0, 2.5, 1 ] },
                "east": { "texture": "#coal_block", "uv": [ 0, 0, 0.5, 1 ] },
                "south": { "texture": "#coal_block", "uv": [ 0, 0, 2.5, 1 ] },
                "west": { "texture": "#coal_block", "uv": [ 0, 0, 0.5, 1 ] },
                "up": { "texture": "#coal_block", "uv": [ 0, 0, 2.5, 0.5 ] },
                "down": { "texture": "#coal_block", "uv": [ 0, 0, 2.5, 0.5 ] }
            }
        },
        {
            "name": "straps2",
            "from": [ 2.5, -6, 6.125 ], 
            "to": [ 3, -5, 12.475 ], 
            "faces": {
                "north": { "texture": "#coal_block", "uv": [ 0, 0, 0.5, 1 ] },
                "east": { "texture": "#coal_block", "uv": [ 0, 0, 6.35, 1 ] },
                "south": { "texture": "#coal_block", "uv": [ 0, 0, 0.5, 1 ] },
                "west": { "texture": "#coal_block", "uv": [ 0, 0, 6.35, 1 ] },
                "up": { "texture": "#coal_block", "uv": [ 0, 0, 0.5, 6.35 ] },
                "down": { "texture": "#coal_block", "uv": [ 0, 0, 0.5, 6.35 ] }
            }
        },
        {
            "name": "straps2_3",
            "from": [ 4.25, -6, 4.25 ], 
            "to": [ 5.75, -5, 4.75 ], 
            "faces": {
                "north": { "texture": "#coal_block", "uv": [ 0, 0, 1.5, 1 ] },
                "east": { "texture": "#coal_block", "uv": [ 0, 0, 0.5, 1 ] },
                "west": { "texture": "#coal_block", "uv": [ 0, 0, 0.5, 1 ] },
                "up": { "texture": "#coal_block", "uv": [ 0, 0, 1.5, 0.5 ] },
                "down": { "texture": "#coal_block", "uv": [ 0, 0, 1.5, 0.5 ] }
            }
        },
        {
            "name": "straps2_4",
            "from": [ 2.75, -6, 12.25 ], 
            "to": [ 7.25, -5, 12.75 ], 
            "faces": {
                "north": { "texture": "#coal_block", "uv": [ 0, 0, 4.5, 1 ] },
                "east": { "texture": "#coal_block", "uv": [ 0, 0, 0.5, 1 ] },
                "south": { "texture": "#coal_block", "uv": [ 0, 0, 4.5, 1 ] },
                "west": { "texture": "#coal_block", "uv": [ 0, 0, 0.5, 1 ] },
                "up": { "texture": "#coal_block", "uv": [ 0, 0, 4.5, 0.5 ] },
                "down": { "texture": "#coal_block", "uv": [ 0, 0, 4.5, 0.5 ] }
            }
        },
        {
            "name": "straps2_5",
            "from": [ 2.6, -6, 4.85 ], 
            "to": [ 5.1, -5, 5.35 ], 
            "rotation": { "origin": [ 4, 1, 5.5 ], "axis": "y", "angle": 45.0 },
            "faces": {
                "north": { "texture": "#coal_block", "uv": [ 0, 0, 2.5, 1 ] },
                "east": { "texture": "#coal_block", "uv": [ 0, 0, 0.5, 1 ] },
                "south": { "texture": "#coal_block", "uv": [ 0, 0, 2.5, 1 ] },
                "west": { "texture": "#coal_block", "uv": [ 0, 0, 0.5, 1 ] },
                "up": { "texture": "#coal_block", "uv": [ 0, 0, 2.5, 0.5 ] },
                "down": { "texture": "#coal_block", "uv": [ 0, 0, 2.5, 0.5 ] }
            }
        },
        {
            "name": "straps2",
            "from": [ 7, -6, 6.125 ], 
            "to": [ 7.5, -5, 12.475 ], 
            "faces": {
                "north": { "texture": "#coal_block", "uv": [ 0, 0, 0.5, 1 ] },
                "east": { "texture": "#coal_block", "uv": [ 0, 0, 6.35, 1 ] },
                "south": { "texture": "#coal_block", "uv": [ 0, 0, 0.5, 1 ] },
                "west": { "texture": "#coal_block", "uv": [ 0, 0, 6.35, 1 ] },
                "up": { "texture": "#coal_block", "uv": [ 0, 0, 0.5, 6.35 ] },
                "down": { "texture": "#coal_block", "uv": [ 0, 0, 0.5, 6.35 ] }
            }
        },
        {
            "name": "straps2_6",
            "from": [ 4.95, -6, 5 ], 
            "to": [ 7.45, -5, 5.5 ], 
            "rotation": { "origin": [ 6.25, 1, 5.5 ], "axis": "y", "angle": -45.0 },
            "faces": {
                "north": { "texture": "#coal_block", "uv": [ 0, 0, 2.5, 1 ] },
                "east": { "texture": "#coal_block", "uv": [ 0, 0, 0.5, 1 ] },
                "south": { "texture": "#coal_block", "uv": [ 0, 0, 2.5, 1 ] },
                "west": { "texture": "#coal_block", "uv": [ 0, 0, 0.5, 1 ] },
                "up": { "texture": "#coal_block", "uv": [ 0, 0, 2.5, 0.5 ] },
                "down": { "texture": "#coal_block", "uv": [ 0, 0, 2.5, 0.5 ] }
            }
        },
        {
            "name": "straps3",
            "from": [ 2.5, -12, 6.125 ], 
            "to": [ 3, -11, 12.475 ], 
            "faces": {
                "north": { "texture": "#coal_block", "uv": [ 0, 0, 0.5, 1 ] },
                "east": { "texture": "#coal_block", "uv": [ 0, 0, 6.35, 1 ] },
                "south": { "texture": "#coal_block", "uv": [ 0, 0, 0.5, 1 ] },
                "west": { "texture": "#coal_block", "uv": [ 0, 0, 6.35, 1 ] },
                "up": { "texture": "#coal_block", "uv": [ 0, 0, 0.5, 6.35 ] },
                "down": { "texture": "#coal_block", "uv": [ 0, 0, 0.5, 6.35 ] }
            }
        },
        {
            "name": "straps3_3",
            "from": [ 4.25, -12, 4.25 ], 
            "to": [ 5.75, -11, 4.75 ], 
            "faces": {
                "north": { "texture": "#coal_block", "uv": [ 0, 0, 1.5, 1 ] },
                "east": { "texture": "#coal_block", "uv": [ 0, 0, 0.5, 1 ] },
                "west": { "texture": "#coal_block", "uv": [ 0, 0, 0.5, 1 ] },
                "up": { "texture": "#coal_block", "uv": [ 0, 0, 1.5, 0.5 ] },
                "down": { "texture": "#coal_block", "uv": [ 0, 0, 1.5, 0.5 ] }
            }
        },
        {
            "name": "straps3_4",
            "from": [ 2.75, -12, 12.25 ], 
            "to": [ 7.25, -11, 12.75 ], 
            "faces": {
                "north": { "texture": "#coal_block", "uv": [ 0, 0, 4.5, 1 ] },
                "east": { "texture": "#coal_block", "uv": [ 0, 0, 0.5, 1 ] },
                "south": { "texture": "#coal_block", "uv": [ 0, 0, 4.5, 1 ] },
                "west": { "texture": "#coal_block", "uv": [ 0, 0, 0.5, 1 ] },
                "up": { "texture": "#coal_block", "uv": [ 0, 0, 4.5, 0.5 ] },
                "down": { "texture": "#coal_block", "uv": [ 0, 0, 4.5, 0.5 ] }
            }
        },
        {
            "name": "straps3_5",
            "from": [ 2.6, -12, 4.85 ], 
            "to": [ 5.1, -11, 5.35 ], 
            "rotation": { "origin": [ 4, 1, 5.5 ], "axis": "y", "angle": 45.0 },
            "faces": {
                "north": { "texture": "#coal_block", "uv": [ 0, 0, 2.5, 1 ] },
                "east": { "texture": "#coal_block", "uv": [ 0, 0, 0.5, 1 ] },
                "south": { "texture": "#coal_block", "uv": [ 0, 0, 2.5, 1 ] },
                "west": { "texture": "#coal_block", "uv": [ 0, 0, 0.5, 1 ] },
                "up": { "texture": "#coal_block", "uv": [ 0, 0, 2.5, 0.5 ] },
                "down": { "texture": "#coal_block", "uv": [ 0, 0, 2.5, 0.5 ] }
            }
        },
        {
            "name": "straps3",
            "from": [ 7, -12, 6.125 ], 
            "to": [ 7.5, -11, 12.475 ], 
            "faces": {
                "north": { "texture": "#coal_block", "uv": [ 0, 0, 0.5, 1 ] },
                "east": { "texture": "#coal_block", "uv": [ 0, 0, 6.35, 1 ] },
                "south": { "texture": "#coal_block", "uv": [ 0, 0, 0.5, 1 ] },
                "west": { "texture": "#coal_block", "uv": [ 0, 0, 6.35, 1 ] },
                "up": { "texture": "#coal_block", "uv": [ 0, 0, 0.5, 6.35 ] },
                "down": { "texture": "#coal_block", "uv": [ 0, 0, 0.5, 6.35 ] }
            }
        },
        {
            "name": "straps3_6",
            "from": [ 4.95, -12, 5 ], 
            "to": [ 7.45, -11, 5.5 ], 
            "rotation": { "origin": [ 6.25, 1, 5.5 ], "axis": "y", "angle": -45.0 },
            "faces": {
                "north": { "texture": "#coal_block", "uv": [ 0, 0, 2.5, 1 ] },
                "east": { "texture": "#coal_block", "uv": [ 0, 0, 0.5, 1 ] },
                "south": { "texture": "#coal_block", "uv": [ 0, 0, 2.5, 1 ] },
                "west": { "texture": "#coal_block", "uv": [ 0, 0, 0.5, 1 ] },
                "up": { "texture": "#coal_block", "uv": [ 0, 0, 2.5, 0.5 ] },
                "down": { "texture": "#coal_block", "uv": [ 0, 0, 2.5, 0.5 ] }
            }
        },
        {
            "name": "odm",
            "from": [ -8, -14, 7 ], 
            "to": [ -4, 3, 12.25 ], 
            "faces": {
                "north": { "texture": "#light_gray_concrete_powder", "uv": [ 6, 0, 10, 16 ] },
                "east": { "texture": "#light_gray_concrete_powder", "uv": [ 5, 0, 10.25, 16 ] },
                "south": { "texture": "#light_gray_concrete_powder", "uv": [ 6, 0, 10, 16 ] },
                "west": { "texture": "#light_gray_concrete_powder", "uv": [ 5, 0, 10.25, 16 ] },
                "up": { "texture": "#light_gray_concrete_powder", "uv": [ 5, 4, 9, 9.25 ] },
                "down": { "texture": "#light_gray_concrete_powder", "uv": [ 5, 2, 9, 7.25 ] }
            }
        },
        {
            "name": "gas_tank",
            "from": [ -6.875, -13, 4.75 ], 
            "to": [ -5.125, 2, 7 ], 
            "faces": {
                "north": { "texture": "#smooth_stone", "uv": [ 6, 0, 7.75, 15 ] },
                "east": { "texture": "#smooth_stone", "uv": [ 5, 0, 7.25, 15 ] },
                "west": { "texture": "#smooth_stone", "uv": [ 5, 0, 7.25, 15 ] },
                "up": { "texture": "#stone", "uv": [ 5, 4, 6.75, 6.25 ] },
                "down": { "texture": "#smooth_stone", "uv": [ 5, 2, 6.75, 4.25 ] }
            }
        },
        {
            "name": "gas_tank_2",
            "from": [ -7.115, -13, 5 ], 
            "to": [ -4.865, 2, 6.75 ], 
            "faces": {
                "north": { "texture": "#smooth_stone", "uv": [ 6, 0, 8.25, 15 ] },
                "east": { "texture": "#smooth_stone", "uv": [ 5, 0, 6.75, 15 ] },
                "south": { "texture": "#smooth_stone", "uv": [ 6, 0, 8.25, 15 ] },
                "west": { "texture": "#smooth_stone", "uv": [ 5, 0, 6.75, 15 ] },
                "up": { "texture": "#stone", "uv": [ 5, 4, 7.25, 5.75 ] },
                "down": { "texture": "#smooth_stone", "uv": [ 5, 2, 7.25, 3.75 ] }
            }
        },
        {
            "name": "gas_tank_3",
            "from": [ -6.75, 2, 5.125 ], 
            "to": [ -5.25, 2.5, 6.625 ], 
            "faces": {
                "north": { "texture": "#stone", "uv": [ 6, 0, 7.5, 0.5 ] },
                "east": { "texture": "#stone", "uv": [ 5, 0, 6.5, 0.5 ] },
                "south": { "texture": "#stone", "uv": [ 6, 0, 7.5, 0.5 ] },
                "west": { "texture": "#stone", "uv": [ 5, 0, 6.5, 0.5 ] },
                "up": { "texture": "#stone", "uv": [ 5, 4, 6.5, 5.5 ] }
            }
        },
        {
            "name": "straps",
            "from": [ -8.5, 0, 6.125 ], 
            "to": [ -8, 1, 12.475 ], 
            "faces": {
                "north": { "texture": "#coal_block", "uv": [ 0, 0, 0.5, 1 ] },
                "east": { "texture": "#coal_block", "uv": [ 0, 0, 6.35, 1 ] },
                "south": { "texture": "#coal_block", "uv": [ 0, 0, 0.5, 1 ] },
                "west": { "texture": "#coal_block", "uv": [ 0, 0, 6.35, 1 ] },
                "up": { "texture": "#coal_block", "uv": [ 0, 0, 0.5, 6.35 ] },
                "down": { "texture": "#coal_block", "uv": [ 0, 0, 0.5, 6.35 ] }
            }
        },
        {
            "name": "straps_3",
            "from": [ -6.75, 0, 4.25 ], 
            "to": [ -5.25, 1, 4.75 ], 
            "faces": {
                "north": { "texture": "#coal_block", "uv": [ 0, 0, 1.5, 1 ] },
                "east": { "texture": "#coal_block", "uv": [ 0, 0, 0.5, 1 ] },
                "west": { "texture": "#coal_block", "uv": [ 0, 0, 0.5, 1 ] },
                "up": { "texture": "#coal_block", "uv": [ 0, 0, 1.5, 0.5 ] },
                "down": { "texture": "#coal_block", "uv": [ 0, 0, 1.5, 0.5 ] }
            }
        },
        {
            "name": "straps_4",
            "from": [ -8.25, 0, 12.25 ], 
            "to": [ -3.75, 1, 12.75 ], 
            "faces": {
                "north": { "texture": "#coal_block", "uv": [ 0, 0, 4.5, 1 ] },
                "east": { "texture": "#coal_block", "uv": [ 0, 0, 0.5, 1 ] },
                "south": { "texture": "#coal_block", "uv": [ 0, 0, 4.5, 1 ] },
                "west": { "texture": "#coal_block", "uv": [ 0, 0, 0.5, 1 ] },
                "up": { "texture": "#coal_block", "uv": [ 0, 0, 4.5, 0.5 ] },
                "down": { "texture": "#coal_block", "uv": [ 0, 0, 4.5, 0.5 ] }
            }
        },
        {
            "name": "straps_5",
            "from": [ -6.1, 0, -0.9 ], 
            "to": [ -3.6, 1, -0.4 ], 
            "rotation": { "origin": [ 1, 1, 5.5 ], "axis": "y", "angle": 45.0 },
            "faces": {
                "north": { "texture": "#coal_block", "uv": [ 0, 0, 2.5, 1 ] },
                "east": { "texture": "#coal_block", "uv": [ 0, 0, 0.5, 1 ] },
                "south": { "texture": "#coal_block", "uv": [ 0, 0, 2.5, 1 ] },
                "west": { "texture": "#coal_block", "uv": [ 0, 0, 0.5, 1 ] },
                "up": { "texture": "#coal_block", "uv": [ 0, 0, 2.5, 0.5 ] },
                "down": { "texture": "#coal_block", "uv": [ 0, 0, 2.5, 0.5 ] }
            }
        },
        {
            "name": "straps",
            "from": [ -4, 0, 6.125 ], 
            "to": [ -3.5, 1, 12.475 ], 
            "faces": {
                "north": { "texture": "#coal_block", "uv": [ 0, 0, 0.5, 1 ] },
                "east": { "texture": "#coal_block", "uv": [ 0, 0, 6.35, 1 ] },
                "south": { "texture": "#coal_block", "uv": [ 0, 0, 0.5, 1 ] },
                "west": { "texture": "#coal_block", "uv": [ 0, 0, 6.35, 1 ] },
                "up": { "texture": "#coal_block", "uv": [ 0, 0, 0.5, 6.35 ] },
                "down": { "texture": "#coal_block", "uv": [ 0, 0, 0.5, 6.35 ] }
            }
        },
        {
            "name": "straps_6",
            "from": [ -6.05, 0, 5 ], 
            "to": [ -3.55, 1, 5.5 ], 
            "rotation": { "origin": [ -4.75, 1, 5.5 ], "axis": "y", "angle": -45.0 },
            "faces": {
                "north": { "texture": "#coal_block", "uv": [ 0, 0, 2.5, 1 ] },
                "east": { "texture": "#coal_block", "uv": [ 0, 0, 0.5, 1 ] },
                "south": { "texture": "#coal_block", "uv": [ 0, 0, 2.5, 1 ] },
                "west": { "texture": "#coal_block", "uv": [ 0, 0, 0.5, 1 ] },
                "up": { "texture": "#coal_block", "uv": [ 0, 0, 2.5, 0.5 ] },
                "down": { "texture": "#coal_block", "uv": [ 0, 0, 2.5, 0.5 ] }
            }
        },
        {
            "name": "straps2",
            "from": [ -8.5, -6, 6.125 ], 
            "to": [ -8, -5, 12.475 ], 
            "faces": {
                "north": { "texture": "#coal_block", "uv": [ 0, 0, 0.5, 1 ] },
                "east": { "texture": "#coal_block", "uv": [ 0, 0, 6.35, 1 ] },
                "south": { "texture": "#coal_block", "uv": [ 0, 0, 0.5, 1 ] },
                "west": { "texture": "#coal_block", "uv": [ 0, 0, 6.35, 1 ] },
                "up": { "texture": "#coal_block", "uv": [ 0, 0, 0.5, 6.35 ] },
                "down": { "texture": "#coal_block", "uv": [ 0, 0, 0.5, 6.35 ] }
            }
        },
        {
            "name": "straps2_3",
            "from": [ -6.75, -6, 4.25 ], 
            "to": [ -5.25, -5, 4.75 ], 
            "faces": {
                "north": { "texture": "#coal_block", "uv": [ 0, 0, 1.5, 1 ] },
                "east": { "texture": "#coal_block", "uv": [ 0, 0, 0.5, 1 ] },
                "west": { "texture": "#coal_block", "uv": [ 0, 0, 0.5, 1 ] },
                "up": { "texture": "#coal_block", "uv": [ 0, 0, 1.5, 0.5 ] },
                "down": { "texture": "#coal_block", "uv": [ 0, 0, 1.5, 0.5 ] }
            }
        },
        {
            "name": "straps2_4",
            "from": [ -8.25, -6, 12.25 ], 
            "to": [ -3.75, -5, 12.75 ], 
            "faces": {
                "north": { "texture": "#coal_block", "uv": [ 0, 0, 4.5, 1 ] },
                "east": { "texture": "#coal_block", "uv": [ 0, 0, 0.5, 1 ] },
                "south": { "texture": "#coal_block", "uv": [ 0, 0, 4.5, 1 ] },
                "west": { "texture": "#coal_block", "uv": [ 0, 0, 0.5, 1 ] },
                "up": { "texture": "#coal_block", "uv": [ 0, 0, 4.5, 0.5 ] },
                "down": { "texture": "#coal_block", "uv": [ 0, 0, 4.5, 0.5 ] }
            }
        },
        {
            "name": "straps2_5",
            "from": [ -8.4, -6, 4.85 ], 
            "to": [ -5.9, -5, 5.35 ], 
            "rotation": { "origin": [ -7, 1, 5.5 ], "axis": "y", "angle": 45.0 },
            "faces": {
                "north": { "texture": "#coal_block", "uv": [ 0, 0, 2.5, 1 ] },
                "east": { "texture": "#coal_block", "uv": [ 0, 0, 0.5, 1 ] },
                "south": { "texture": "#coal_block", "uv": [ 0, 0, 2.5, 1 ] },
                "west": { "texture": "#coal_block", "uv": [ 0, 0, 0.5, 1 ] },
                "up": { "texture": "#coal_block", "uv": [ 0, 0, 2.5, 0.5 ] },
                "down": { "texture": "#coal_block", "uv": [ 0, 0, 2.5, 0.5 ] }
            }
        },
        {
            "name": "straps2",
            "from": [ -4, -6, 6.125 ], 
            "to": [ -3.5, -5, 12.475 ], 
            "faces": {
                "north": { "texture": "#coal_block", "uv": [ 0, 0, 0.5, 1 ] },
                "east": { "texture": "#coal_block", "uv": [ 0, 0, 6.35, 1 ] },
                "south": { "texture": "#coal_block", "uv": [ 0, 0, 0.5, 1 ] },
                "west": { "texture": "#coal_block", "uv": [ 0, 0, 6.35, 1 ] },
                "up": { "texture": "#coal_block", "uv": [ 0, 0, 0.5, 6.35 ] },
                "down": { "texture": "#coal_block", "uv": [ 0, 0, 0.5, 6.35 ] }
            }
        },
        {
            "name": "straps2_6",
            "from": [ -6.05, -6, 5 ], 
            "to": [ -3.55, -5, 5.5 ], 
            "rotation": { "origin": [ -4.75, 1, 5.5 ], "axis": "y", "angle": -45.0 },
            "faces": {
                "north": { "texture": "#coal_block", "uv": [ 0, 0, 2.5, 1 ] },
                "east": { "texture": "#coal_block", "uv": [ 0, 0, 0.5, 1 ] },
                "south": { "texture": "#coal_block", "uv": [ 0, 0, 2.5, 1 ] },
                "west": { "texture": "#coal_block", "uv": [ 0, 0, 0.5, 1 ] },
                "up": { "texture": "#coal_block", "uv": [ 0, 0, 2.5, 0.5 ] },
                "down": { "texture": "#coal_block", "uv": [ 0, 0, 2.5, 0.5 ] }
            }
        },
        {
            "name": "straps3",
            "from": [ -8.5, -12, 6.125 ], 
            "to": [ -8, -11, 12.475 ], 
            "faces": {
                "north": { "texture": "#coal_block", "uv": [ 0, 0, 0.5, 1 ] },
                "east": { "texture": "#coal_block", "uv": [ 0, 0, 6.35, 1 ] },
                "south": { "texture": "#coal_block", "uv": [ 0, 0, 0.5, 1 ] },
                "west": { "texture": "#coal_block", "uv": [ 0, 0, 6.35, 1 ] },
                "up": { "texture": "#coal_block", "uv": [ 0, 0, 0.5, 6.35 ] },
                "down": { "texture": "#coal_block", "uv": [ 0, 0, 0.5, 6.35 ] }
            }
        },
        {
            "name": "straps3_3",
            "from": [ -6.75, -12, 4.25 ], 
            "to": [ -5.25, -11, 4.75 ], 
            "faces": {
                "north": { "texture": "#coal_block", "uv": [ 0, 0, 1.5, 1 ] },
                "east": { "texture": "#coal_block", "uv": [ 0, 0, 0.5, 1 ] },
                "west": { "texture": "#coal_block", "uv": [ 0, 0, 0.5, 1 ] },
                "up": { "texture": "#coal_block", "uv": [ 0, 0, 1.5, 0.5 ] },
                "down": { "texture": "#coal_block", "uv": [ 0, 0, 1.5, 0.5 ] }
            }
        },
        {
            "name": "straps3_4",
            "from": [ -8.25, -12, 12.25 ], 
            "to": [ -3.75, -11, 12.75 ], 
            "faces": {
                "north": { "texture": "#coal_block", "uv": [ 0, 0, 4.5, 1 ] },
                "east": { "texture": "#coal_block", "uv": [ 0, 0, 0.5, 1 ] },
                "south": { "texture": "#coal_block", "uv": [ 0, 0, 4.5, 1 ] },
                "west": { "texture": "#coal_block", "uv": [ 0, 0, 0.5, 1 ] },
                "up": { "texture": "#coal_block", "uv": [ 0, 0, 4.5, 0.5 ] },
                "down": { "texture": "#coal_block", "uv": [ 0, 0, 4.5, 0.5 ] }
            }
        },
        {
            "name": "straps3_5",
            "from": [ -8.4, -12, 4.85 ], 
            "to": [ -5.9, -11, 5.35 ], 
            "rotation": { "origin": [ -7, 1, 5.5 ], "axis": "y", "angle": 45.0 },
            "faces": {
                "north": { "texture": "#coal_block", "uv": [ 0, 0, 2.5, 1 ] },
                "east": { "texture": "#coal_block", "uv": [ 0, 0, 0.5, 1 ] },
                "south": { "texture": "#coal_block", "uv": [ 0, 0, 2.5, 1 ] },
                "west": { "texture": "#coal_block", "uv": [ 0, 0, 0.5, 1 ] },
                "up": { "texture": "#coal_block", "uv": [ 0, 0, 2.5, 0.5 ] },
                "down": { "texture": "#coal_block", "uv": [ 0, 0, 2.5, 0.5 ] }
            }
        },
        {
            "name": "straps3",
            "from": [ -4, -12, 6.125 ], 
            "to": [ -3.5, -11, 12.475 ], 
            "faces": {
                "north": { "texture": "#coal_block", "uv": [ 0, 0, 0.5, 1 ] },
                "east": { "texture": "#coal_block", "uv": [ 0, 0, 6.35, 1 ] },
                "south": { "texture": "#coal_block", "uv": [ 0, 0, 0.5, 1 ] },
                "west": { "texture": "#coal_block", "uv": [ 0, 0, 6.35, 1 ] },
                "up": { "texture": "#coal_block", "uv": [ 0, 0, 0.5, 6.35 ] },
                "down": { "texture": "#coal_block", "uv": [ 0, 0, 0.5, 6.35 ] }
            }
        },
        {
            "name": "straps3_6",
            "from": [ -6.05, -12, 5 ], 
            "to": [ -3.55, -11, 5.5 ], 
            "rotation": { "origin": [ -4.75, 1, 5.5 ], "axis": "y", "angle": -45.0 },
            "faces": {
                "north": { "texture": "#coal_block", "uv": [ 0, 0, 2.5, 1 ] },
                "east": { "texture": "#coal_block", "uv": [ 0, 0, 0.5, 1 ] },
                "south": { "texture": "#coal_block", "uv": [ 0, 0, 2.5, 1 ] },
                "west": { "texture": "#coal_block", "uv": [ 0, 0, 0.5, 1 ] },
                "up": { "texture": "#coal_block", "uv": [ 0, 0, 2.5, 0.5 ] },
                "down": { "texture": "#coal_block", "uv": [ 0, 0, 2.5, 0.5 ] }
            }
        },
        {
            "name": "Cube",
            "from": [ 3.5, 3, 8.25 ], 
            "to": [ 4, 4, 11.25 ], 
            "faces": {
                "north": { "texture": "#smooth_stone", "uv": [ 8, 8, 8.5, 9 ] },
                "east": { "texture": "#smooth_stone", "uv": [ 6, 5, 9, 6 ] },
                "south": { "texture": "#smooth_stone", "uv": [ 8, 6, 8.5, 7 ] },
                "west": { "texture": "#smooth_stone", "uv": [ 7, 7, 10, 8 ] },
                "up": { "texture": "#smooth_stone", "uv": [ 7, 8, 7.5, 11 ] }
            }
        },
        {
            "name": "Cube",
            "from": [ 4.75, 3, 8.25 ], 
            "to": [ 5.25, 4, 11.25 ], 
            "faces": {
                "north": { "texture": "#smooth_stone", "uv": [ 8, 8, 8.5, 9 ] },
                "east": { "texture": "#smooth_stone", "uv": [ 6, 5, 9, 6 ] },
                "south": { "texture": "#smooth_stone", "uv": [ 8, 6, 8.5, 7 ] },
                "west": { "texture": "#smooth_stone", "uv": [ 7, 7, 10, 8 ] },
                "up": { "texture": "#smooth_stone", "uv": [ 7, 8, 7.5, 11 ] }
            }
        },
        {
            "name": "Cube",
            "from": [ 6, 2.75, 8.25 ], 
            "to": [ 6.5, 3.75, 11.25 ], 
            "faces": {
                "north": { "texture": "#smooth_stone", "uv": [ 8, 8, 8.5, 9 ] },
                "east": { "texture": "#smooth_stone", "uv": [ 6, 5, 9, 6 ] },
                "south": { "texture": "#smooth_stone", "uv": [ 8, 6, 8.5, 7 ] },
                "west": { "texture": "#smooth_stone", "uv": [ 7, 7, 10, 8 ] },
                "up": { "texture": "#smooth_stone", "uv": [ 7, 8, 7.5, 11 ] }
            }
        },
        {
            "name": "Cube",
            "from": [ -7.5, 2.75, 8.25 ], 
            "to": [ -7, 3.75, 11.25 ], 
            "faces": {
                "north": { "texture": "#smooth_stone", "uv": [ 8, 8, 8.5, 9 ] },
                "east": { "texture": "#smooth_stone", "uv": [ 6, 5, 9, 6 ] },
                "south": { "texture": "#smooth_stone", "uv": [ 8, 6, 8.5, 7 ] },
                "west": { "texture": "#smooth_stone", "uv": [ 7, 7, 10, 8 ] },
                "up": { "texture": "#smooth_stone", "uv": [ 7, 8, 7.5, 11 ] }
            }
        },
        {
            "name": "Cube",
            "from": [ -6.25, 3, 8.25 ], 
            "to": [ -5.75, 4, 11.25 ], 
            "faces": {
                "north": { "texture": "#smooth_stone", "uv": [ 8, 8, 8.5, 9 ] },
                "east": { "texture": "#smooth_stone", "uv": [ 6, 5, 9, 6 ] },
                "south": { "texture": "#smooth_stone", "uv": [ 8, 6, 8.5, 7 ] },
                "west": { "texture": "#smooth_stone", "uv": [ 7, 7, 10, 8 ] },
                "up": { "texture": "#smooth_stone", "uv": [ 7, 8, 7.5, 11 ] }
            }
        },
        {
            "name": "Cube",
            "from": [ -5, 3, 8.25 ], 
            "to": [ -4.5, 4, 11.25 ], 
            "faces": {
                "north": { "texture": "#smooth_stone", "uv": [ 8, 8, 8.5, 9 ] },
                "east": { "texture": "#smooth_stone", "uv": [ 6, 5, 9, 6 ] },
                "south": { "texture": "#smooth_stone", "uv": [ 8, 6, 8.5, 7 ] },
                "west": { "texture": "#smooth_stone", "uv": [ 7, 7, 10, 8 ] },
                "up": { "texture": "#smooth_stone", "uv": [ 7, 8, 7.5, 11 ] }
            }
        }
    ]
}